model,donor_handling_id,confidence,source,note
"abfbuff","GAUNTLET","needs_drive_test","archetype_pool","Archetype pool muscle_rwd"
"ballvenm","GRESLEY","needs_drive_test","archetype_pool","Archetype pool performance_suv"
"ballvmark","FBI2","needs_drive_test","archetype_pool","Archetype pool emergency_suv"
"briosoav","PRAIRIE","needs_drive_test","archetype_pool","Archetype pool hot_hatch_fwd"
"briosoxpd","FBI","needs_drive_test","archetype_pool","Archetype pool emergency_sedan"
"carrion","MASSACRO","needs_drive_test","archetype_pool","Archetype pool sports_rwd"
"carrionmech","POLICE2","needs_drive_test","archetype_pool","Archetype pool emergency_sedan"
"carrionpd","SHERIFF","needs_drive_test","archetype_pool","Archetype pool emergency_sedan"
"cazador","COQUETTE","needs_drive_test","archetype_pool","Archetype pool sports_rwd"
"cazadorpd","FBI","needs_drive_test","archetype_pool","Archetype pool emergency_sedan"
"cazadortcr","COMET2","needs_drive_test","archetype_pool","Archetype pool sports_rwd"
"clubc","BRIOSO","needs_drive_test","archetype_pool","Archetype pool hot_hatch_fwd"
"clubp","CLUB","needs_drive_test","archetype_pool","Archetype pool hot_hatch_fwd"
"clubr","SCHAFTER2","needs_drive_test","archetype_pool","Archetype pool sedan_rwd"
"clubrhyc","FUGITIVE","needs_drive_test","archetype_pool","Archetype pool sedan_rwd"
"clubrpd","FBI","needs_drive_test","archetype_pool","Archetype pool emergency_sedan"
"cometcup","COMET3","needs_drive_test","explicit","Pfister Comet Safari-adjacent cup; verify cup geometry"
"cometnor","COMET2","needs_drive_test","archetype_pool","Archetype pool sports_rwd"
"cometven","CARBONIZZARE","needs_drive_test","archetype_pool","Archetype pool sports_rwd"
"coquettepiston","COMET2","needs_drive_test","archetype_pool","Archetype pool sports_rwd"
"coqvenm","CARBONIZZARE","needs_drive_test","archetype_pool","Archetype pool sports_rwd"
"cyphx","SENTINEL3","needs_drive_test","archetype_pool","Archetype pool performance_sedan_rwd"
"d7cyp","CYCLONE","needs_drive_test","explicit","D7 CYP — electric hyper donor placeholder"
"dawn","COGCABRIO","needs_drive_test","archetype_pool","Archetype pool luxury_gt"
"dawnpd","POLICE2","needs_drive_test","archetype_pool","Archetype pool emergency_sedan"
"drafthyc","SUPERD","needs_drive_test","archetype_pool","Archetype pool luxury_gt"
"draftven","SUPERD","needs_drive_test","archetype_pool","Archetype pool luxury_gt"
"draftvmark","SHERIFF","needs_drive_test","archetype_pool","Archetype pool emergency_sedan"
"dubmono","TOROS","inferred","archetype_pool","Archetype pool performance_suv"
"elegyxa19","JESTER","needs_drive_test","archetype_pool","Archetype pool sports_awd"
"elegyxa19ven","SULTANRS","needs_drive_test","archetype_pool","Archetype pool sports_awd"
"flashgrs","SULTANRS","needs_drive_test","archetype_pool","Archetype pool sports_awd"
"flashgrspd","FBI","needs_drive_test","archetype_pool","Archetype pool emergency_sedan"
"flattruckm","MULE","needs_drive_test","archetype_pool","Archetype pool commercial"
"gaterback","GAUNTLET","needs_drive_test","archetype_pool","Archetype pool muscle_rwd"
"gazatar","CLUB","needs_drive_test","archetype_pool","Archetype pool hot_hatch_fwd"
"h4rxst2","ELEGY2","needs_drive_test","explicit","H4Rx ST2 — AWD sports coupe baseline"
"hweevil","BLISTA2","inferred","archetype_pool","Archetype pool hot_hatch_fwd"
"hycadetail","RHINEHART","inferred","archetype_pool","Archetype pool performance_sedan_awd"
"hycbansh","COQUETTE","needs_drive_test","archetype_pool","Archetype pool sports_rwd"
"hycbuff","VIGERO","needs_drive_test","archetype_pool","Archetype pool muscle_rwd"
"hycdeity","WINDSOR2","needs_drive_test","archetype_pool","Archetype pool luxury_gt"
"hycenty","ZENTORNO","needs_drive_test","archetype_pool","Archetype pool super_awd"
"hycgaunt","DUKES","needs_drive_test","archetype_pool","Archetype pool muscle_rwd"
"hycignus","ZENTORNO","needs_drive_test","archetype_pool","Archetype pool super_awd"
"hycpargn","RHINEHART","needs_drive_test","archetype_pool","Archetype pool performance_sedan_awd"
"hycr300","FUTO","needs_drive_test","archetype_pool","Archetype pool lightweight_sports"
"hycsedan","KOMODA","inferred","archetype_pool","Archetype pool performance_sedan_awd"
"hyctailpd","POLICE3","needs_drive_test","archetype_pool","Archetype pool emergency_sedan"
"hycwagen","JACKAL","needs_drive_test","archetype_pool","Archetype pool sedan_awd"
"hyczr350","BLISTA2","needs_drive_test","archetype_pool","Archetype pool lightweight_sports"
"issiwider","PRAIRIE","needs_drive_test","archetype_pool","Archetype pool hot_hatch_fwd"
"jestvenm","T20","needs_drive_test","archetype_pool","Archetype pool super_awd"
"jubven","JUBILEE","needs_drive_test","archetype_pool","Archetype pool performance_suv"
"jubvenpd","FBI2","needs_drive_test","archetype_pool","Archetype pool emergency_suv"
"kanjoep4","BLISTA2","needs_drive_test","archetype_pool","Archetype pool hot_hatch_fwd"
"kanjox","BRIOSO","needs_drive_test","archetype_pool","Archetype pool hot_hatch_fwd"
"kcjub","TOROS","needs_drive_test","archetype_pool","Archetype pool performance_suv"
"komtmark","FBI","needs_drive_test","archetype_pool","Archetype pool emergency_sedan"
"komtour","MASSACRO2","needs_drive_test","archetype_pool","Archetype pool sports_awd"
"kurxa19","ELEGY2","needs_drive_test","archetype_pool","Archetype pool sports_awd"
"kurxmark","POLICE3","needs_drive_test","archetype_pool","Archetype pool emergency_sedan"
"neonvenm","ELEGY2","inferred","archetype_pool","Archetype pool sports_awd"
"omnvenpd","POLICE2","needs_drive_test","archetype_pool","Archetype pool emergency_sedan"
"paragonven","WINDSOR2","needs_drive_test","archetype_pool","Archetype pool luxury_gt"
"parawide","SUPERD","needs_drive_test","archetype_pool","Archetype pool luxury_gt"
"parawmark","SHERIFF","needs_drive_test","archetype_pool","Archetype pool emergency_sedan"
"reblax","JUBILEE","needs_drive_test","archetype_pool","Archetype pool performance_suv"
"reblaxpd","GRANGER","needs_drive_test","archetype_pool","Archetype pool emergency_suv"
"remusx","BLISTA2","needs_drive_test","archetype_pool","Archetype pool lightweight_sports"
"rhinea19x","ELEGY2","needs_drive_test","archetype_pool","Archetype pool sports_awd"
"rhinea19xpd","POLICE3","needs_drive_test","archetype_pool","Archetype pool emergency_sedan"
"rsxven","MASSACRO2","needs_drive_test","archetype_pool","Archetype pool sports_awd"
"rt3000varis","BLISTA2","needs_drive_test","archetype_pool","Archetype pool lightweight_sports"
"rt3kavan","BLISTA2","needs_drive_test","archetype_pool","Archetype pool lightweight_sports"
"rwagvenm","SCHAFTER2","needs_drive_test","archetype_pool","Archetype pool sedan_awd"
"schlag","COGCABRIO","needs_drive_test","archetype_pool","Archetype pool luxury_gt"
"schlagenstr","SCHLAGEN","confirmed","explicit","Benefactor Schlagen GT — STR widebody donor"
"schlagpd","SHERIFF","needs_drive_test","archetype_pool","Archetype pool emergency_sedan"
"sedanwid","TAILGATER","needs_drive_test","archetype_pool","Archetype pool sedan_rwd"
"sen5tour","KOMODA","inferred","archetype_pool","Archetype pool performance_sedan_awd"
"sen5tourhyc","KOMODA","inferred","archetype_pool","Archetype pool performance_sedan_awd"
"sent5bxane","SCHWARZER","needs_drive_test","archetype_pool","Archetype pool performance_sedan_rwd"
"sent5hyc","SCHWARZER","needs_drive_test","archetype_pool","Archetype pool performance_sedan_rwd"
"sent5wide","BUFFALO2","needs_drive_test","archetype_pool","Archetype pool performance_sedan_rwd"
"sentinel_rts","SENTINEL3","needs_drive_test","explicit","Sentinel RTS — classic sports sedan"
"shenron","JUBILEE","needs_drive_test","archetype_pool","Archetype pool performance_suv"
"shenronpd","FBI2","needs_drive_test","archetype_pool","Archetype pool emergency_suv"
"sitavenm","VAGNER","needs_drive_test","archetype_pool","Archetype pool super_awd"
"sr8","HUNTLEY","needs_drive_test","archetype_pool","Archetype pool performance_suv"
"sr8elem","JUBILEE","needs_drive_test","archetype_pool","Archetype pool performance_suv"
"sr8pd","SHERIFF2","needs_drive_test","archetype_pool","Archetype pool emergency_suv"
"srhatpd","POLICE3","needs_drive_test","archetype_pool","Archetype pool emergency_sedan"
"srspback","SULTAN","needs_drive_test","archetype_pool","Archetype pool sedan_awd"
"str","ELEGY","needs_drive_test","archetype_pool","Archetype pool sports_rwd"
"strcoupe","SUPERD","needs_drive_test","archetype_pool","Archetype pool luxury_gt"
"strcoupepd","POLICE2","needs_drive_test","archetype_pool","Archetype pool emergency_sedan"
"strman","COMET2","needs_drive_test","archetype_pool","Archetype pool sports_rwd"
"strmark","FBI","needs_drive_test","archetype_pool","Archetype pool emergency_sedan"
"strwag","KURUMA","needs_drive_test","archetype_pool","Archetype pool sedan_awd"
"strwagmark","POLICE2","needs_drive_test","archetype_pool","Archetype pool emergency_sedan"
"sugoix","BRIOSO","needs_drive_test","archetype_pool","Archetype pool hot_hatch_fwd"
"sultlong","PARIAH","needs_drive_test","archetype_pool","Archetype pool sports_awd"
"sultlpd","POLICE","needs_drive_test","archetype_pool","Archetype pool emergency_sedan"
"tailgatersr","SENTINEL3","needs_drive_test","archetype_pool","Archetype pool performance_sedan_rwd"
"tailsr66","SCHWARZER","needs_drive_test","archetype_pool","Archetype pool performance_sedan_rwd"
"tailstmk","FBI","needs_drive_test","archetype_pool","Archetype pool emergency_sedan"
"taurion","GRESLEY","needs_drive_test","archetype_pool","Archetype pool performance_suv"
"taurionpd","POLICE4","needs_drive_test","archetype_pool","Archetype pool emergency_suv"
"tempesta2","TEMPESTA","needs_drive_test","explicit","Tempesta widebody variant"
"temphyc","OSIRIS","needs_drive_test","archetype_pool","Archetype pool super_awd"
"temptwins","T20","needs_drive_test","archetype_pool","Archetype pool super_awd"
"tenfhyc","T20","needs_drive_test","archetype_pool","Archetype pool super_awd"
"tenfhycpd","POLICE3","needs_drive_test","archetype_pool","Archetype pool emergency_sedan"
"tenfvenm","TURISMOR","needs_drive_test","archetype_pool","Archetype pool super_awd"
"thraxven","VAGNER","needs_drive_test","archetype_pool","Archetype pool super_awd"
"tol22m5","KOMODA","inferred","archetype_pool","Archetype pool performance_sedan_awd"
"tol240sx","BLISTA2","inferred","archetype_pool","Archetype pool lightweight_sports"
"tol3j50","BULLET","needs_drive_test","archetype_pool","Archetype pool super_rwd"
"tol675ltsp","BULLET","inferred","archetype_pool","Archetype pool super_rwd"
"tol700","BULLET","needs_drive_test","archetype_pool","Archetype pool super_rwd"
"tola6","JACKAL","inferred","archetype_pool","Archetype pool sedan_awd"
"tolap2","EMERUS","confirmed","explicit","Progen Emerus — low-slung RWD hyper; replaces canonical hypercar_rwd override"
"tolaudidy","PARIAH","needs_drive_test","archetype_pool","Archetype pool sports_awd"
"tolbt62r","TYRUS","inferred","archetype_pool","Archetype pool hypercar_rwd"
"tolc63","SCHWARZER","inferred","archetype_pool","Archetype pool performance_sedan_rwd"
"tolc7","ELEGY","inferred","archetype_pool","Archetype pool sports_rwd"
"tolcharger2","SCHAFTER3","inferred","archetype_pool","Archetype pool performance_sedan_rwd"
"tolcurus","TOROS","inferred","archetype_pool","Archetype pool performance_suv"
"toldemon","DUKES","inferred","archetype_pool","Archetype pool muscle_rwd"
"toldurus","ROCOTO","needs_drive_test","archetype_pool","Archetype pool suv_awd"
"tole36prb","GB200","needs_drive_test","archetype_pool","Archetype pool lightweight_sports"
"tole36v","HELLION","needs_drive_test","archetype_pool","Archetype pool offroad"
"tole6314","WINDSOR","needs_drive_test","archetype_pool","Archetype pool luxury_gt"
"tolevo9","JESTER","inferred","archetype_pool","Archetype pool sports_awd"
"tolexor","CARBONIZZARE","needs_drive_test","archetype_pool","Archetype pool sports_rwd"
"tolf360","VACCA","inferred","archetype_pool","Archetype pool super_rwd"
"tolf8spider","INFERNUS","inferred","archetype_pool","Archetype pool super_rwd"
"tolfxxk","T20","inferred","archetype_pool","Archetype pool hypercar_rwd"
"tolgtam21","SUPERD","needs_drive_test","archetype_pool","Archetype pool luxury_gt"
"tolgtr","JESTER","inferred","archetype_pool","Archetype pool sports_awd"
"tolgtrlw","ELEGY2","inferred","archetype_pool","Archetype pool sports_awd"
"tolka","T20","needs_drive_test","archetype_pool","Archetype pool hypercar_rwd"
"tollam2","TURISMOR","inferred","archetype_pool","Archetype pool super_awd"
"tollwalk458","VACCA","inferred","archetype_pool","Archetype pool super_rwd"
"tolm5cs22","JUGULAR","inferred","archetype_pool","Archetype pool performance_sedan_awd"
"tolm5e60","SENTINEL3","inferred","archetype_pool","Archetype pool performance_sedan_rwd"
"tolm6x6","BFINJECTION","inferred","archetype_pool","Archetype pool offroad"
"tolmig","FELTZER2","needs_drive_test","archetype_pool","Archetype pool sports_rwd"
"tolmm6x6","HELLION","needs_drive_test","archetype_pool","Archetype pool offroad"
"tolmus2","DOMINATOR","needs_drive_test","archetype_pool","Archetype pool muscle_rwd"
"tolmustan","DOMINATOR","inferred","archetype_pool","Archetype pool muscle_rwd"
"tolmustang","DUKES","inferred","archetype_pool","Archetype pool muscle_rwd"
"tolpeigerzen","ENTITYXF","needs_drive_test","archetype_pool","Archetype pool super_rwd"
"tolr33","MASSACRO2","inferred","archetype_pool","Archetype pool sports_awd"
"tolr8c","ZENTORNO","inferred","archetype_pool","Archetype pool super_awd"
"tolr8v10","TURISMOR","inferred","archetype_pool","Archetype pool super_awd"
"tolraid","MESA","needs_drive_test","archetype_pool","Archetype pool offroad"
"tolraptorv2","REBEL","inferred","archetype_pool","Archetype pool pickup"
"tolrrmansory","WINDSOR2","confirmed","explicit","Enus Windsor Drop — luxury convertible GT; replaces unstable TOL handling.meta"
"tolrs5","KOMODA","inferred","archetype_pool","Archetype pool performance_sedan_awd"
"tolrs6","RHINEHART","inferred","archetype_pool","Archetype pool performance_sedan_awd"
"tolrs7c821","KOMODA","inferred","archetype_pool","Archetype pool performance_sedan_awd"
"tolrsurus","HUNTLEY","inferred","archetype_pool","Archetype pool performance_suv"
"tols63amg","SCHAFTER3","inferred","archetype_pool","Archetype pool performance_sedan_awd"
"toroslbwk","GRESLEY","needs_drive_test","archetype_pool","Archetype pool performance_suv"
"torosven","HUNTLEY","needs_drive_test","archetype_pool","Archetype pool performance_suv"
"tragambo","GRANGER","needs_drive_test","archetype_pool","Archetype pool emergency_suv"
"trager","JUBILEE","needs_drive_test","archetype_pool","Archetype pool performance_suv"
"tragmech","PATRIOT","needs_drive_test","archetype_pool","Archetype pool emergency_suv"
"tragpd","PATRIOT","needs_drive_test","archetype_pool","Archetype pool emergency_suv"
"turisgt3","ELEGY","needs_drive_test","archetype_pool","Archetype pool sports_rwd"
"uranusx","MICHELLI","needs_drive_test","archetype_pool","Archetype pool lightweight_sports"
"varx","DOUBLE","needs_drive_test","archetype_pool","Archetype pool motorcycle_sport"
"verusreg","KAMACHO","needs_drive_test","archetype_pool","Archetype pool offroad"
"xlsstr","JUBILEE","inferred","archetype_pool","Archetype pool performance_suv"
"xlsstrpd","POLICE4","needs_drive_test","archetype_pool","Archetype pool emergency_suv"
"zentven","VAGNER","needs_drive_test","archetype_pool","Archetype pool super_awd"
"zr350piston","GB200","needs_drive_test","archetype_pool","Archetype pool lightweight_sports"
