model,identity,manufacturer,category,archetype,tier,drivetrain,massKg,driveForce,maxFlatVel,targetKmh,drag,tractionMax,tractionMin,brake,antiRoll,rollFront,rollRear,confidence,source
"elegy2","Annis Elegy RH8","Annis","sports","sports_awd","sport_high","awd_rear","1620","0.37","193.2","255","6.2","2.7","2.51","1.1","1.32","0.25","0.265","confirmed","gta5"
"tolap2","Apollo hypercar","Apollo","hypercar","hypercar_rwd","hyper","rwd","1350","0.445","224.2","296","5.2","2.95","2.73","1.3","1.68","0.18","0.195","inferred","resources/[cars]/pitd_tol_car_pack_a"
"tola6","Audi A6","Audi","sedan","sedan_awd","warm","awd_rear","1800","0.3","190.9","252","7.2","2.42","2.23","0.9","1.02","0.32","0.33","confirmed","resources/[cars]/pitd_tol_car_pack_a"
"tolaudidy","Audi performance concept","Audi","sports","sports_awd","sport_high","awd_rear","1750","0.37","193.9","256","6.2","2.7","2.51","1.1","1.32","0.25","0.265","inferred","resources/[cars]/pitd_tol_car_pack_a"
"tolr8c","Audi R8","Audi","super","super_awd","super","awd_rear","1560","0.415","223.5","295","5.65","2.88","2.69","1.22","1.55","0.2","0.215","confirmed","resources/[cars]/pitd_tol_car_pack_a"
"tolr8v10","Audi R8 V10","Audi","super","super_awd","super","awd_rear","1570","0.415","227.3","300","5.65","2.88","2.69","1.22","1.55","0.2","0.215","confirmed","resources/[cars]/pitd_tol_car_pack_a"
"tolrs5","Audi RS5","Audi","performance_sedan","performance_sedan_awd","performance_sedan","awd_rear","1765","0.385","197","260","6.4","2.66","2.47","1.1","1.32","0.27","0.285","confirmed","resources/[cars]/pitd_tol_car_pack_a"
"tolrs6","Audi RS6","Audi","performance_sedan","performance_sedan_awd","performance_sedan","awd_rear","1985","0.385","199.2","263","6.4","2.66","2.47","1.1","1.32","0.27","0.285","confirmed","resources/[cars]/pitd_tol_car_pack_a"
"tolrs7c821","Audi RS7","Audi","performance_sedan","performance_sedan_awd","performance_sedan","awd_rear","1950","0.385","202.3","267","6.4","2.66","2.47","1.1","1.32","0.27","0.285","confirmed","resources/[cars]/pitd_tol_car_pack_a"
"dubmono","Benefactor Dubsta Mono","Benefactor","performance_suv","performance_suv","performance_suv","awd_rear","1800","0.42","187.9","248","7.2","2.58","2.38","1.06","1.25","0.33","0.35","confirmed","resources/[cars]/showcasecars/data/dubmono"
"dubsta","Benefactor Dubsta","Benefactor","suv","suv_awd","civilian","awd_balanced","2400","0.265","147.7","195","8.4","2.36","2.16","0.88","0.9","0.39","0.41","confirmed","gta5"
"dubsta2","Benefactor Dubsta 6x6","Benefactor","offroad","offroad","offroad","awd_balanced","3000","0.3","140.2","185","9.2","2.18","1.99","0.78","0.62","0.42","0.44","confirmed","gta5"
"hycsedan","Rhinehart Hycade Sedan","Benefactor","performance_sedan","performance_sedan_awd","performance_sedan","awd_rear","1800","0.42","193.2","255","6.4","2.66","2.47","1.1","1.32","0.27","0.285","confirmed","resources/[cars]/showcasecars/data/hycsedan"
"schafter2","Benefactor Schafter","Benefactor","sedan","sedan_rwd","warm","rwd","1780","0.3","162.9","215","7.4","2.32","2.11","0.84","0.88","0.34","0.35","confirmed","gta5"
"schafter3","Benefactor Schafter V12","Benefactor","performance_sedan","performance_sedan_rwd","sport_high","rwd","1900","0.37","193.2","255","6.5","2.58","2.36","1.08","1.28","0.275","0.29","confirmed","gta5"
"xlsstr","Benefactor XLS STR","Benefactor","performance_suv","performance_suv","performance_suv","awd_rear","2280","0.506","185.6","245","7.2","2.58","2.38","1.06","1.25","0.33","0.35","confirmed","resources/[cars]/showcasecars/data/xlsstr"
"xlsstrpd","Benefactor XLS STR emergency fleet variant","Benefactor","emergency","emergency_suv","pursuit_suv","awd_balanced","2400","0.506","185.6","245","7.7","2.48","2.29","1","1.12","0.35","0.37","inferred","resources/[cars]/showcasecars2/data/xlsstrpd"
"hweevil","BF Weevil custom","BF","sport","hot_hatch_fwd","warm","fwd","1240","0.414","184.8","244","7.2","2.38","2.18","0.88","1","0.31","0.32","confirmed","resources/[cars]/showcasecars/data/hweevil"
"tol22m5","BMW M5 (G30)","BMW","performance_sedan","performance_sedan_awd","performance_sedan","awd_rear","1945","0.385","208.3","275","6.4","2.66","2.47","1.1","1.32","0.27","0.285","confirmed","resources/[cars]/pitd_tol_car_pack_a"
"tole36prb","BMW 3 Series E36 performance build","BMW","sports","lightweight_sports","sport","rwd","1350","0.34","194.7","257","6.5","2.6","2.37","1.04","1.22","0.27","0.285","inferred","resources/[cars]/pitd_tol_car_pack_a"
"tole36v","BMW E36 off-road conversion","BMW","offroad","offroad","offroad","rwd","1450","0.3","170.5","225","9.2","2.18","1.99","0.78","0.62","0.42","0.44","inferred","resources/[cars]/pitd_tol_car_pack_a"
"tole6314","BMW M6 (E63)","BMW","grand_tourer","luxury_gt","sport_high","rwd","1785","0.37","195.5","258","6.4","2.58","2.37","1.06","1.15","0.29","0.305","inferred","resources/[cars]/pitd_tol_car_pack_a"
"tolm5cs22","BMW M5 CS","BMW","performance_sedan","performance_sedan_awd","performance_sedan","awd_rear","1870","0.385","212.1","280","6.4","2.66","2.47","1.1","1.32","0.27","0.285","confirmed","resources/[cars]/pitd_tol_car_pack_a"
"tolm5e60","BMW M5 (E60)","BMW","performance_sedan","performance_sedan_rwd","performance_sedan","rwd","1830","0.385","200.8","265","6.5","2.58","2.36","1.08","1.28","0.275","0.29","confirmed","resources/[cars]/pitd_tol_car_pack_a"
"prairie","Bollokan Prairie","Bollokan","sport","hot_hatch_fwd","warm","fwd","1280","0.3","162.9","215","7.2","2.38","2.18","0.88","1","0.31","0.32","confirmed","gta5"
"tolbt62r","Brabham BT62R","Brabham","hypercar","hypercar_rwd","hyper","rwd","1050","0.445","225.8","298","5.2","3.1","2.88","1.3","1.68","0.18","0.195","confirmed","resources/[cars]/pitd_tol_car_pack_a"
"banshee","Bravado Banshee","Bravado","sports","sports_rwd","sport_high","rwd","1520","0.37","193.2","255","6.25","2.62","2.39","1.08","1.28","0.255","0.27","confirmed","gta5"
"buffalo","Bravado Buffalo","Bravado","muscle","muscle_rwd","warm","rwd","1820","0.3","162.9","215","7","2.42","2.14","0.95","0.98","0.32","0.34","confirmed","gta5"
"buffalo2","Bravado Buffalo S","Bravado","performance_sedan","performance_sedan_rwd","sport_high","rwd","1800","0.37","193.2","255","6.5","2.58","2.36","1.08","1.28","0.275","0.29","confirmed","gta5"
"gauntlet","Bravado Gauntlet","Bravado","muscle","muscle_rwd","sport","rwd","1850","0.34","180.3","238","7","2.42","2.14","0.95","0.98","0.32","0.34","confirmed","gta5"
"mesa","Canis Mesa","Canis","offroad","offroad","offroad","awd_balanced","2100","0.3","140.2","185","9.2","2.18","1.99","0.78","0.62","0.42","0.44","confirmed","gta5"
"tolc7","Chevrolet Corvette C7","Chevrolet","sports","sports_rwd","sport_high","rwd","1530","0.37","195.5","258","6.25","2.62","2.39","1.08","1.28","0.255","0.27","confirmed","resources/[cars]/pitd_tol_car_pack_a"
"tolraid","Rally raid prototype","Custom","offroad","offroad","offroad","awd_balanced","1950","0.3","170.5","225","9.2","2.18","1.99","0.78","0.62","0.42","0.44","inferred","resources/[cars]/pitd_tol_car_pack_a"
"asea","Declasse Asea","Declasse","economy","economy_fwd","economy","fwd","1350","0.235","132.6","175","8.2","2.18","1.98","0.72","0.72","0.34","0.35","confirmed","gta5"
"granger","Declasse Granger","Declasse","suv","suv_awd","civilian","awd_balanced","2550","0.265","147.7","195","8.4","2.36","2.16","0.88","0.9","0.39","0.41","confirmed","gta5"
"massacro","Dewbauchee Massacro","Dewbauchee","sports","sports_rwd","sport_high","rwd","1650","0.37","193.2","255","6.25","2.62","2.39","1.06","1.28","0.255","0.27","confirmed","gta5"
"blista","Dinka Blista","Dinka","economy","economy_fwd","economy","fwd","1180","0.235","132.6","175","8.2","2.18","1.98","0.72","0.72","0.34","0.35","confirmed","gta5"
"jester","Dinka Jester","Dinka","sports","sports_awd","sport_high","awd_rear","1670","0.37","193.2","255","6.2","2.7","2.51","1.1","1.32","0.25","0.265","confirmed","gta5"
"tolcharger2","Dodge Charger performance build","Dodge","performance_sedan","performance_sedan_rwd","sport_high","rwd","1923","0.37","193.2","255","6.5","2.58","2.36","1.08","1.28","0.275","0.29","confirmed","resources/[cars]/pitd_tol_car_pack_a"
"toldemon","Dodge Challenger SRT Demon","Dodge","muscle","muscle_rwd","performance_sedan","rwd","1981","0.385","200.8","265","7","2.42","2.14","0.95","0.98","0.32","0.34","confirmed","resources/[cars]/pitd_tol_car_pack_a"
"ambulance","ambulance","Emergency fleet","emergency","emergency_heavy","utility_slow","rwd","3800","0.18","102.3","135","10","2.05","1.88","0.68","0.62","0.45","0.47","inferred","gta5"
"fbi","fbi","Emergency fleet","emergency","emergency_sedan","pursuit","awd_rear","1900","0.38","197","260","6.6","2.64","2.45","1.1","1.3","0.28","0.295","inferred","gta5"
"fbi2","fbi2","Emergency fleet","emergency","emergency_suv","pursuit_suv","awd_balanced","2410","0.35","178","235","7.7","2.48","2.29","1","1.12","0.35","0.37","inferred","gta5"
"firetruk","firetruk","Emergency fleet","emergency","emergency_heavy","utility_slow","awd_balanced","6500","0.18","102.3","135","10","2.05","1.88","0.68","0.62","0.45","0.47","inferred","gta5"
"lguard","lguard","Emergency fleet","emergency","emergency_suv","pursuit_suv","awd_balanced","2430","0.35","178","235","7.7","2.48","2.29","1","1.12","0.35","0.37","inferred","gta5"
"police","police","Emergency fleet","emergency","emergency_sedan","pursuit","awd_rear","1850","0.38","197","260","6.6","2.64","2.45","1.1","1.3","0.28","0.295","inferred","gta5"
"police2","police2","Emergency fleet","emergency","emergency_sedan","pursuit","awd_rear","1860","0.38","197","260","6.6","2.64","2.45","1.1","1.3","0.28","0.295","inferred","gta5"
"police3","police3","Emergency fleet","emergency","emergency_sedan","pursuit","awd_rear","1940","0.38","197","260","6.6","2.64","2.45","1.1","1.3","0.28","0.295","inferred","gta5"
"police4","police4","Emergency fleet","emergency","emergency_sedan","pursuit","awd_rear","1880","0.38","197","260","6.6","2.64","2.45","1.1","1.3","0.28","0.295","inferred","gta5"
"policeb","policeb","Emergency fleet","motorcycle","motorcycle_sport","pursuit","rwd","240","0.38","197","260","5.8","2.25","2.07","1.05","0.5","0.3","0.31","inferred","gta5"
"pranger","pranger","Emergency fleet","emergency","emergency_suv","pursuit_suv","awd_balanced","2420","0.35","178","235","7.7","2.48","2.29","1","1.12","0.35","0.37","inferred","gta5"
"riot","riot","Emergency fleet","emergency","emergency_heavy","utility_slow","awd_balanced","6510","0.18","102.3","135","10","2.05","1.88","0.68","0.62","0.45","0.47","inferred","gta5"
"sheriff","sheriff","Emergency fleet","emergency","emergency_sedan","pursuit","awd_rear","1890","0.38","197","260","6.6","2.64","2.45","1.1","1.3","0.28","0.295","inferred","gta5"
"sheriff2","sheriff2","Emergency fleet","emergency","emergency_suv","pursuit_suv","awd_balanced","2400","0.35","178","235","7.7","2.48","2.29","1","1.12","0.35","0.37","inferred","gta5"
"hycpargn","Paragon Hycade","Enus","performance_sedan","performance_sedan_awd","performance_sedan","awd_rear","1820","0.4","190.9","252","6.4","2.66","2.47","1.1","1.32","0.27","0.285","inferred","resources/[cars]/showcasecars/data/hycpargn"
"tolf360","Ferrari 360","Ferrari","super","super_rwd","super","rwd","1350","0.415","194.7","257","5.7","2.72","2.5","1.2","1.48","0.205","0.22","confirmed","resources/[cars]/pitd_tol_car_pack_a"
"tolf8spider","Ferrari F8 Spider","Ferrari","super","super_rwd","super","rwd","1330","0.415","215.9","285","5.7","2.82","2.6","1.2","1.48","0.205","0.22","confirmed","resources/[cars]/pitd_tol_car_pack_a"
"tolfxxk","Ferrari FXX-K","Ferrari","hypercar","hypercar_rwd","hyper","rwd","1165","0.445","223.5","295","5.2","3.08","2.86","1.3","1.68","0.18","0.195","confirmed","resources/[cars]/pitd_tol_car_pack_a"
"tollwalk458","Ferrari 458 Liberty Walk","Ferrari","super","super_rwd","super","rwd","1380","0.415","200.8","265","5.7","2.82","2.6","1.2","1.48","0.205","0.22","confirmed","resources/[cars]/pitd_tol_car_pack_a"
"tolmus2","Ford Mustang custom","Ford","muscle","muscle_rwd","sport_high","rwd","1720","0.37","187.9","248","7","2.42","2.14","0.95","0.98","0.32","0.34","inferred","resources/[cars]/pitd_tol_car_pack_a"
"tolmustan","Ford Mustang","Ford","muscle","muscle_rwd","sport","rwd","1655","0.34","189.4","250","7","2.42","2.14","0.95","0.98","0.32","0.34","confirmed","resources/[cars]/pitd_tol_car_pack_a"
"tolmustang","Ford Mustang performance build","Ford","muscle","muscle_rwd","sport_high","rwd","1680","0.37","190.9","252","7","2.42","2.14","0.95","0.98","0.32","0.34","confirmed","resources/[cars]/pitd_tol_car_pack_a"
"tolraptorv2","Ford F-150 Raptor","Ford","pickup","pickup","offroad","awd_balanced","2600","0.3","174.2","230","9","2.22","2.02","0.8","0.72","0.4","0.42","confirmed","resources/[cars]/pitd_tol_car_pack_a"
"baller","Gallivanter Baller","Gallivanter","suv","suv_awd","civilian","awd_balanced","2300","0.265","147.7","195","8.4","2.36","2.16","0.88","0.9","0.39","0.41","confirmed","gta5"
"baller2","Gallivanter Baller II","Gallivanter","suv","suv_awd","civilian","awd_balanced","2350","0.265","147.7","195","8.4","2.36","2.16","0.88","0.9","0.39","0.41","confirmed","gta5"
"baller6","Gallivanter Baller LE Armored","Gallivanter","suv","suv_awd","warm","awd_balanced","2800","0.3","162.9","215","8.4","2.36","2.16","0.88","0.9","0.39","0.41","confirmed","gta5"
"carbonizzare","Grotti Carbonizzare","Grotti","sports","sports_rwd","sport_high","rwd","1500","0.37","193.2","255","6.25","2.62","2.39","1.08","1.28","0.255","0.27","confirmed","gta5"
"turismo2","Grotti Turismo Classic","Grotti","super","super_rwd","sport_high","rwd","1320","0.37","193.2","255","5.7","2.82","2.6","1.2","1.48","0.205","0.22","confirmed","gta5"
"burrito3","burrito3","GTA","van","van","commercial","rwd","2630","0.21","113.6","150","9.5","2.08","1.89","0.72","0.58","0.43","0.45","inferred","gta5"
"bus","bus","GTA","commercial","commercial","commercial","rwd","6500","0.21","113.6","150","10.5","1.95","1.78","0.62","0.48","0.48","0.5","inferred","gta5"
"cavalcade2","cavalcade2","GTA","suv","suv_awd","civilian","awd_balanced","2260","0.265","147.7","195","8.4","2.36","2.16","0.88","0.9","0.39","0.41","inferred","gta5"
"dynasty","dynasty","GTA","sedan","sedan_rwd","civilian","rwd","1660","0.265","147.7","195","7.4","2.32","2.11","0.84","0.88","0.34","0.35","inferred","gta5"
"flatbed","flatbed","GTA","commercial","commercial","commercial","rwd","6540","0.21","113.6","150","10.5","1.95","1.78","0.62","0.48","0.48","0.5","inferred","gta5"
"fugitive","fugitive","GTA","sedan","sedan_rwd","civilian","rwd","1680","0.265","147.7","195","7.4","2.32","2.11","0.84","0.88","0.34","0.35","inferred","gta5"
"insurgent2","insurgent2","GTA","offroad","offroad","offroad","awd_balanced","5200","0.3","140.2","185","9.2","2.18","1.99","0.78","0.62","0.42","0.44","inferred","gta5"
"phantom","phantom","GTA","commercial","commercial","commercial","rwd","6570","0.21","113.6","150","10.5","1.95","1.78","0.62","0.48","0.48","0.5","inferred","gta5"
"policet","policet","GTA","van","van","commercial","rwd","2600","0.21","113.6","150","9.5","2.08","1.89","0.72","0.58","0.43","0.45","inferred","gta5"
"rumpo","rumpo","GTA","van","van","commercial","rwd","2610","0.21","113.6","150","9.5","2.08","1.89","0.72","0.58","0.43","0.45","inferred","gta5"
"rumpo3","rumpo3","GTA","van","van","commercial","rwd","2620","0.21","113.6","150","9.5","2.08","1.89","0.72","0.58","0.43","0.45","inferred","gta5"
"seminole","seminole","GTA","suv","suv_awd","civilian","awd_balanced","2250","0.265","147.7","195","8.4","2.36","2.16","0.88","0.9","0.39","0.41","inferred","gta5"
"slamtruck","slamtruck","GTA","commercial","commercial","commercial","rwd","6560","0.21","113.6","150","10.5","1.95","1.78","0.62","0.48","0.48","0.5","inferred","gta5"
"speedo","speedo","GTA","van","van","commercial","rwd","2640","0.21","113.6","150","9.5","2.08","1.89","0.72","0.58","0.43","0.45","inferred","gta5"
"stanier","stanier","GTA","sedan","sedan_rwd","civilian","rwd","1670","0.265","147.7","195","7.4","2.32","2.11","0.84","0.88","0.34","0.35","inferred","gta5"
"stretch","stretch","GTA","grand_tourer","luxury_gt","civilian","rwd","2400","0.265","147.7","195","6.4","2.58","2.37","1.06","1.15","0.29","0.305","inferred","gta5"
"tanker","tanker","GTA","commercial","commercial","commercial","rwd","6580","0.21","113.6","150","10.5","1.95","1.78","0.62","0.48","0.48","0.5","inferred","gta5"
"taxi","taxi","GTA","sedan","sedan_rwd","civilian","rwd","1650","0.265","147.7","195","7.4","2.32","2.11","0.84","0.88","0.34","0.35","inferred","gta5"
"towtruck","towtruck","GTA","commercial","commercial","commercial","rwd","6520","0.21","113.6","150","10.5","1.95","1.78","0.62","0.48","0.48","0.5","inferred","gta5"
"towtruck2","towtruck2","GTA","commercial","commercial","commercial","rwd","6530","0.21","113.6","150","10.5","1.95","1.78","0.62","0.48","0.48","0.5","inferred","gta5"
"trash","trash","GTA","commercial","commercial","commercial","rwd","6510","0.21","113.6","150","10.5","1.95","1.78","0.62","0.48","0.48","0.5","inferred","gta5"
"utillitruck3","utillitruck3","GTA","commercial","commercial","commercial","rwd","6550","0.21","113.6","150","10.5","1.95","1.78","0.62","0.48","0.48","0.5","inferred","gta5"
"youga2","youga2","GTA","van","van","commercial","rwd","2650","0.21","113.6","150","9.5","2.08","1.89","0.72","0.58","0.43","0.45","inferred","gta5"
"coquette","Invetero Coquette","Invetero","sports","sports_rwd","sport_high","rwd","1450","0.37","193.2","255","6.25","2.62","2.39","1.08","1.28","0.255","0.27","confirmed","gta5"
"futo","Karin Futo","Karin","sports","lightweight_sports","warm","rwd","980","0.3","162.9","215","6.5","2.6","2.37","1.04","1.22","0.27","0.285","confirmed","gta5"
"kuruma","Karin Kuruma","Karin","sedan","sedan_awd","warm","awd_balanced","1600","0.3","162.9","215","7.2","2.42","2.23","0.9","1.02","0.32","0.33","confirmed","gta5"
"sultan","Karin Sultan","Karin","sedan","sedan_awd","warm","awd_balanced","1450","0.3","162.9","215","7.2","2.42","2.23","0.9","1.02","0.32","0.33","confirmed","gta5"
"sultan2","Karin Sultan RS","Karin","sports","sports_awd","sport","awd_rear","1380","0.34","180.3","238","6.2","2.7","2.51","1.1","1.32","0.25","0.265","confirmed","gta5"
"tolka","Koenigsegg hypercar","Koenigsegg","hypercar","hypercar_rwd","hyper","rwd","1395","0.445","233.3","308","5.2","2.95","2.73","1.3","1.68","0.18","0.195","inferred","resources/[cars]/pitd_tol_car_pack_a"
"tolcurus","Lamborghini Urus","Lamborghini","performance_suv","performance_suv","performance_suv","awd_rear","2197","0.375","193.2","255","7.2","2.58","2.38","1.06","1.25","0.33","0.35","confirmed","resources/[cars]/pitd_tol_car_pack_a"
"tollam2","Lamborghini Huracán","Lamborghini","super","super_awd","super","awd_rear","1422","0.415","219.7","290","5.65","2.88","2.69","1.22","1.55","0.2","0.215","confirmed","resources/[cars]/pitd_tol_car_pack_a"
"tolrsurus","Lamborghini Urus RS","Lamborghini","performance_suv","performance_suv","performance_suv","awd_rear","2150","0.375","197","260","7.2","2.58","2.38","1.06","1.25","0.33","0.35","confirmed","resources/[cars]/pitd_tol_car_pack_a"
"manchez","Maibatsu Manchez","Maibatsu","motorcycle","motorcycle_sport","warm","rwd","150","0.3","162.9","215","5.8","2.25","2.07","1.05","0.5","0.3","0.31","confirmed","gta5"
"tol675ltsp","McLaren 675LT Spider","McLaren","super","super_rwd","super","rwd","1368","0.415","221.2","292","5.7","2.82","2.6","1.2","1.48","0.205","0.22","confirmed","resources/[cars]/pitd_tol_car_pack_a"
"tolc63","Mercedes-AMG C63","Mercedes-Benz","performance_sedan","performance_sedan_rwd","performance_sedan","rwd","1810","0.385","203","268","6.5","2.58","2.36","1.08","1.28","0.275","0.29","confirmed","resources/[cars]/pitd_tol_car_pack_a"
"tolgtam21","Mercedes-AMG GT","Mercedes-Benz","grand_tourer","luxury_gt","sport_high","rwd","1645","0.37","194.7","257","6.4","2.58","2.37","1.06","1.15","0.29","0.305","inferred","resources/[cars]/pitd_tol_car_pack_a"
"tolm6x6","Mercedes-AMG G63 6x6","Mercedes-Benz","offroad","offroad","offroad","awd_balanced","3850","0.3","178","235","9.2","2.18","1.99","0.78","0.62","0.42","0.44","confirmed","resources/[cars]/pitd_tol_car_pack_a"
"tolmm6x6","Mercedes-AMG G63 6x6 custom","Mercedes-Benz","offroad","offroad","offroad","awd_balanced","3950","0.3","175.8","232","9.2","2.18","1.99","0.78","0.62","0.42","0.44","inferred","resources/[cars]/pitd_tol_car_pack_a"
"tols63amg","Mercedes-AMG S63","Mercedes-Benz","performance_sedan","performance_sedan_awd","performance_sedan","awd_rear","2120","0.385","198.5","262","6.4","2.66","2.47","1.1","1.32","0.27","0.285","confirmed","resources/[cars]/pitd_tol_car_pack_a"
"tolevo9","Mitsubishi Lancer Evolution IX","Mitsubishi","sports","sports_awd","sport","awd_balanced","1360","0.34","199.2","263","6.2","2.7","2.51","1.1","1.32","0.25","0.265","confirmed","resources/[cars]/pitd_tol_car_pack_a"
"tol240sx","Nissan 240SX","Nissan","sports","lightweight_sports","sport","rwd","1170","0.34","184.8","244","6.5","2.6","2.37","1.04","1.22","0.27","0.285","confirmed","resources/[cars]/pitd_tol_car_pack_a"
"tolgtr","Nissan GT-R","Nissan","sports","sports_awd","sport_high","awd_rear","1752","0.37","208.3","275","6.2","2.7","2.51","1.1","1.32","0.25","0.265","confirmed","resources/[cars]/pitd_tol_car_pack_a"
"tolgtrlw","Nissan GT-R Liberty Walk","Nissan","sports","sports_awd","sport_high","awd_rear","1810","0.37","204.5","270","6.2","2.7","2.51","1.1","1.32","0.25","0.265","confirmed","resources/[cars]/pitd_tol_car_pack_a"
"tolr33","Nissan Skyline GT-R R33","Nissan","sports","sports_awd","sport","awd_rear","1530","0.34","193.2","255","6.2","2.7","2.51","1.1","1.32","0.25","0.265","confirmed","resources/[cars]/pitd_tol_car_pack_a"
"hycadetail","Tailgater Hycade","Obey","performance_sedan","performance_sedan_awd","performance_sedan","awd_rear","1880","0.4","195.5","258","6.4","2.66","2.47","1.1","1.32","0.27","0.285","confirmed","resources/[cars]/showcasecars/data/hycadetail"
"tailgater","Obey Tailgater","Obey","sedan","sedan_awd","warm","awd_rear","1700","0.3","162.9","215","7.2","2.42","2.23","0.9","1.02","0.32","0.33","confirmed","gta5"
"jugular","Ocelot Jugular","Ocelot","performance_sedan","performance_sedan_awd","performance_sedan","awd_rear","1820","0.385","200.8","265","6.4","2.66","2.47","1.1","1.32","0.27","0.285","confirmed","gta5"
"entityxf","Overflod Entity XF","Overflod","super","super_awd","super","awd_rear","1430","0.415","213.6","282","5.65","2.88","2.69","1.22","1.55","0.2","0.215","confirmed","gta5"
"bati","Pegassi Bati 801","Pegassi","motorcycle","motorcycle_sport","motorcycle","rwd","205","0.38","185.6","245","5.8","2.25","2.07","1.05","0.5","0.3","0.31","confirmed","gta5"
"osiris","Pegassi Osiris","Pegassi","hypercar","hypercar_awd","hyper","awd_rear","1350","0.445","224.2","296","5.15","3","2.82","1.28","1.7","0.18","0.195","confirmed","gta5"
"toros","Pegassi Toros","Pegassi","performance_suv","performance_suv","performance_suv","awd_rear","2200","0.375","189.4","250","7.2","2.58","2.38","1.06","1.25","0.33","0.35","confirmed","gta5"
"vacca","Pegassi Vacca","Pegassi","super","super_rwd","super","rwd","1480","0.415","213.6","282","5.7","2.82","2.6","1.2","1.48","0.205","0.22","confirmed","gta5"
"zentorno","Pegassi Zentorno","Pegassi","super","super_awd","super","awd_rear","1350","0.415","218.2","288","5.65","2.88","2.69","1.22","1.68","0.18","0.195","confirmed","gta5"
"comet2","Pfister Comet","Pfister","sports","sports_rwd","sport_high","rwd","1480","0.37","193.2","255","6.25","2.62","2.39","1.08","1.28","0.255","0.27","confirmed","gta5"
"cometcup","Pfister sports derivative","Pfister","sports","sports_rwd","sport_high","rwd","1480","0.414","193.2","255","6.25","2.62","2.39","1.08","1.28","0.255","0.27","inferred","resources/[sunset]/sunset_addon_vehicles"
"cometnor","Pfister sports derivative","Pfister","sports","sports_rwd","sport_high","rwd","1490","0.37","193.2","255","6.25","2.62","2.39","1.08","1.28","0.255","0.27","inferred","resources/[cars]/showcasecars/data/cometnor"
"cometven","Pfister sports derivative","Pfister","sports","sports_rwd","sport_high","rwd","1500","0.37","193.2","255","6.25","2.62","2.39","1.08","1.28","0.255","0.27","inferred","resources/[cars]/showcasecars/data/cometven"
"h4rxst2","Pfister sports derivative","Pfister","sports","sports_rwd","sport_high","rwd","1480","0.414","193.2","255","6.25","2.62","2.39","1.08","1.28","0.255","0.27","inferred","resources/[sunset]/sunset_addon_vehicles"
"neon","Pfister Neon","Pfister","sports","sports_awd","sport_high","awd_balanced","1950","0.37","193.2","255","6.2","2.7","2.51","1.1","1.32","0.25","0.265","confirmed","gta5"
"neonvenm","Pfister Neon Venuum","Pfister","sports","sports_awd","sport_high","awd_balanced","1950","0.38","183.3","242","6.2","2.7","2.51","1.1","1.32","0.25","0.265","confirmed","resources/[cars]/showcasecars/data/neonvenm"
"turisgt3","Pfister sports derivative","Pfister","sports","sports_rwd","sport_high","rwd","1510","0.37","193.2","255","6.25","2.62","2.39","1.08","1.28","0.255","0.27","inferred","resources/[cars]/showcasecars/data/turisgt3"
"t20","Progen T20","Progen","hypercar","hypercar_awd","hyper","awd_rear","1390","0.445","227.3","300","5.15","3","2.82","1.3","1.75","0.175","0.19","confirmed","gta5"
"tolrrmansory","Rolls-Royce Mansory","Rolls-Royce","grand_tourer","luxury_gt","sport_high","awd_rear","2550","0.37","194.7","257","6.4","2.58","2.37","1.06","1.15","0.29","0.305","inferred","resources/[cars]/pitd_tol_car_pack_a"
"adder","Truffade Adder","Truffade","hypercar","hypercar_awd","hyper","awd_rear","1888","0.445","227.3","300","5.15","3","2.82","1.28","1.72","0.175","0.19","confirmed","gta5"
"cyphx","Übermacht performance sedan","Übermacht","performance_sedan","performance_sedan_rwd","performance_sedan","rwd","1850","0.385","200.8","265","6.5","2.58","2.36","1.08","1.28","0.275","0.29","inferred","resources/[cars]/showcasecars2/data/cyphx"
"d7cyp","Übermacht performance sedan","Übermacht","performance_sedan","performance_sedan_rwd","performance_sedan","rwd","1850","0.386","200.8","265","6.5","2.58","2.36","1.08","1.28","0.275","0.29","inferred","resources/[sunset]/sunset_addon_vehicles"
"hyctailpd","Übermacht performance sedan emergency fleet variant","Übermacht","emergency","emergency_sedan","pursuit","awd_rear","1970","0.38","197","260","6.6","2.64","2.45","1.1","1.3","0.28","0.295","inferred","resources/[cars]/showcasecars2/data/hyctailpd"
"sen5tour","Übermacht Sentinel 5 Touring","Übermacht","performance_sedan","performance_sedan_awd","performance_sedan","awd_rear","1880","0.506","219.7","290","6.4","2.66","2.47","1.1","1.32","0.27","0.285","confirmed","resources/[cars]/showcasecars2/data/sen5tour"
"sen5tourhyc","Übermacht Sentinel 5 Touring Hycade","Übermacht","performance_sedan","performance_sedan_awd","performance_sedan","awd_rear","1890","0.506","219.7","290","6.4","2.66","2.47","1.1","1.32","0.27","0.285","confirmed","resources/[cars]/showcasecars2/data/sen5tourhyc"
"sent5bxane","Übermacht performance sedan","Übermacht","performance_sedan","performance_sedan_rwd","performance_sedan","rwd","1850","0.506","219.7","290","6.5","2.58","2.36","1.08","1.28","0.275","0.29","inferred","resources/[cars]/showcasecars2/data/sent5bxane"
"sent5hyc","Übermacht performance sedan","Übermacht","performance_sedan","performance_sedan_rwd","performance_sedan","rwd","1850","0.506","219.7","290","6.5","2.58","2.36","1.08","1.28","0.275","0.29","inferred","resources/[cars]/showcasecars2/data/sent5hyc"
"sent5wide","Übermacht performance sedan","Übermacht","performance_sedan","performance_sedan_rwd","performance_sedan","rwd","1850","0.506","219.7","290","6.5","2.58","2.36","1.08","1.28","0.275","0.29","inferred","resources/[cars]/showcasecars2/data/sent5wide"
"sentinel","Übermacht Sentinel","Übermacht","sedan","sedan_rwd","warm","rwd","1550","0.3","162.9","215","7.4","2.32","2.11","0.84","0.88","0.34","0.35","confirmed","gta5"
"sentinel_rts","Übermacht performance sedan","Übermacht","performance_sedan","performance_sedan_rwd","performance_sedan","rwd","1850","0.483","230.3","304","6.5","2.58","2.36","1.08","1.28","0.275","0.29","inferred","resources/[sunset]/sunset_addon_vehicles"
"tailgatersr","Übermacht performance sedan","Übermacht","performance_sedan","performance_sedan_rwd","performance_sedan","rwd","1850","0.385","200.8","265","6.5","2.58","2.36","1.08","1.28","0.275","0.29","inferred","resources/[cars]/showcasecars/data/tailgatersr"
"tailsr66","Übermacht performance sedan","Übermacht","performance_sedan","performance_sedan_rwd","performance_sedan","rwd","1850","0.385","200.8","265","6.5","2.58","2.36","1.08","1.28","0.275","0.29","inferred","resources/[cars]/showcasecars/data/tailsr66"
"tailstmk","Übermacht performance sedan emergency fleet variant","Übermacht","emergency","emergency_sedan","pursuit","awd_rear","1970","0.38","197","260","6.6","2.64","2.45","1.1","1.3","0.28","0.295","inferred","resources/[cars]/showcasecars/data/tailstmk"
"abfbuff","V8 muscle derivative","Unknown","muscle","muscle_rwd","sport_high","rwd","1850","0.37","193.2","255","7","2.42","2.14","0.95","0.98","0.32","0.34","inferred","resources/[cars]/showcasecars/data/abfbuff"
"ballvenm","Performance SUV derivative","Unknown","performance_suv","performance_suv","performance_suv","awd_rear","2250","0.375","189.4","250","7.2","2.58","2.38","1.06","1.25","0.33","0.35","inferred","resources/[cars]/showcasecars/data/ballvenm"
"ballvmark","Performance SUV derivative emergency fleet variant","Unknown","emergency","emergency_suv","pursuit_suv","awd_balanced","2370","0.368","178","235","7.7","2.48","2.29","1","1.12","0.35","0.37","inferred","resources/[cars]/showcasecars/data/ballvmark"
"briosoav","Compact / hot hatch","Unknown","sport","hot_hatch_fwd","warm","fwd","1250","0.322","175","231","7.2","2.38","2.18","0.88","1","0.31","0.32","inferred","resources/[cars]/showcasecars/data/briosoav"
"briosoxpd","Compact / hot hatch emergency fleet variant","Unknown","emergency","emergency_sedan","pursuit","awd_rear","1870","0.38","197","260","6.6","2.64","2.45","1.1","1.3","0.28","0.295","inferred","resources/[cars]/showcasecars2/data/briosoxpd"
"carrion","RWD performance coupe","Unknown","sports","sports_rwd","sport_high","rwd","1510","0.37","193.2","255","6.25","2.62","2.39","1.08","1.28","0.255","0.27","inferred","resources/[cars]/showcasecars2/data/carrion"
"carrionmech","RWD performance coupe emergency fleet variant","Unknown","emergency","emergency_sedan","pursuit","awd_rear","1880","0.38","197","260","6.6","2.64","2.45","1.1","1.3","0.28","0.295","inferred","resources/[cars]/showcasecars2/data/carrionmech"
"carrionpd","RWD performance coupe emergency fleet variant","Unknown","emergency","emergency_sedan","pursuit","awd_rear","1890","0.38","197","260","6.6","2.64","2.45","1.1","1.3","0.28","0.295","inferred","resources/[cars]/showcasecars2/data/carrionpd"
"cazador","RWD performance coupe","Unknown","sports","sports_rwd","sport_high","rwd","1520","0.37","193.2","255","6.25","2.62","2.39","1.08","1.28","0.255","0.27","inferred","resources/[cars]/showcasecars/data/cazador"
"cazadorpd","RWD performance coupe emergency fleet variant","Unknown","emergency","emergency_sedan","pursuit","awd_rear","1900","0.38","197","260","6.6","2.64","2.45","1.1","1.3","0.28","0.295","inferred","resources/[cars]/showcasecars2/data/cazadorpd"
"cazadortcr","RWD performance coupe","Unknown","sports","sports_rwd","sport_high","rwd","1530","0.37","193.2","255","6.25","2.62","2.39","1.08","1.28","0.255","0.27","inferred","resources/[cars]/showcasecars/data/cazadortcr"
"clubc","Compact / hot hatch","Unknown","sport","hot_hatch_fwd","warm","fwd","1250","0.3","162.9","215","7.2","2.38","2.18","0.88","1","0.31","0.32","inferred","resources/[cars]/showcasecars/data/clubc"
"clubp","Compact / hot hatch","Unknown","sport","hot_hatch_fwd","warm","fwd","1260","0.3","162.9","215","7.2","2.38","2.18","0.88","1","0.31","0.32","inferred","resources/[cars]/showcasecars/data/clubp"
"clubr","Unidentified addon road vehicle","Unknown","sedan","sedan_rwd","civilian","rwd","1650","0.322","178","235","7.4","2.32","2.11","0.84","0.88","0.34","0.35","uncertain","resources/[cars]/showcasecars/data/clubr"
"clubrhyc","Unidentified addon road vehicle","Unknown","sedan","sedan_rwd","civilian","rwd","1650","0.322","178","235","7.4","2.32","2.11","0.84","0.88","0.34","0.35","uncertain","resources/[cars]/showcasecars/data/clubrhyc"
"clubrpd","Unidentified addon road vehicle emergency fleet variant","Unknown","emergency","emergency_sedan","pursuit","awd_rear","1910","0.38","197","260","6.6","2.64","2.45","1.1","1.3","0.28","0.295","uncertain","resources/[cars]/showcasecars2/data/clubrpd"
"coquettepiston","RWD performance coupe","Unknown","sports","sports_rwd","sport_high","rwd","1540","0.37","193.2","255","6.25","2.62","2.39","1.08","1.28","0.255","0.27","inferred","resources/[cars]/showcasecars/data/coquettepiston"
"coqvenm","RWD performance coupe","Unknown","sports","sports_rwd","sport_high","rwd","1550","0.37","193.2","255","6.25","2.62","2.39","1.08","1.28","0.255","0.27","inferred","resources/[cars]/showcasecars/data/coqvenm"
"dawn","Luxury performance grand tourer","Unknown","grand_tourer","luxury_gt","sport_high","rwd","1900","0.37","193.2","255","6.4","2.58","2.37","1.06","1.15","0.29","0.305","inferred","resources/[cars]/showcasecars/data/dawn"
"dawnpd","Luxury performance grand tourer emergency fleet variant","Unknown","emergency","emergency_sedan","pursuit","awd_rear","2020","0.38","197","260","6.6","2.64","2.45","1.1","1.3","0.28","0.295","inferred","resources/[cars]/showcasecars2/data/dawnpd"
"drafthyc","Luxury performance grand tourer","Unknown","grand_tourer","luxury_gt","sport_high","rwd","1910","0.37","193.2","255","6.4","2.58","2.37","1.06","1.15","0.29","0.305","inferred","resources/[cars]/showcasecars/data/drafthyc"
"draftven","Luxury performance grand tourer","Unknown","grand_tourer","luxury_gt","sport_high","rwd","1900","0.414","193.2","255","6.4","2.58","2.37","1.06","1.15","0.29","0.305","inferred","resources/[cars]/showcasecars/data/draftven"
"draftvmark","Luxury performance grand tourer emergency fleet variant","Unknown","emergency","emergency_sedan","pursuit","awd_rear","2020","0.414","197","260","6.6","2.64","2.45","1.1","1.3","0.28","0.295","inferred","resources/[cars]/showcasecars/data/draftvmark"
"elegyxa19","AWD performance derivative","Unknown","sports","sports_awd","sport_high","awd_rear","1650","0.37","193.2","255","6.2","2.7","2.51","1.1","1.32","0.25","0.265","inferred","resources/[cars]/showcasecars/data/elegyxa19"
"elegyxa19ven","AWD performance derivative","Unknown","sports","sports_awd","sport_high","awd_rear","1660","0.37","193.2","255","6.2","2.7","2.51","1.1","1.32","0.25","0.265","inferred","resources/[cars]/showcasecars/data/elegyxa19ven"
"flashgrs","AWD sport derivative","Unknown","sports","sports_awd","sport_high","awd_rear","1600","0.414","193.2","255","6.2","2.7","2.51","1.1","1.32","0.25","0.265","inferred","resources/[cars]/showcasecars/data/flashgrs"
"flashgrspd","AWD sport derivative emergency fleet variant","Unknown","emergency","emergency_sedan","pursuit","awd_rear","1870","0.414","197","260","6.6","2.64","2.45","1.1","1.3","0.28","0.295","inferred","resources/[cars]/showcasecars2/data/flashgrspd"
"flattruckm","Commercial truck","Unknown","commercial","commercial","commercial","rwd","6500","0.21","130.3","172","10.5","1.95","1.78","0.62","0.48","0.48","0.5","inferred","resources/[cars]/showcasecars/data/flattruckm"
"gaterback","V8 muscle derivative","Unknown","muscle","muscle_rwd","sport_high","rwd","1860","0.37","193.2","255","7","2.42","2.14","0.95","0.98","0.32","0.34","inferred","resources/[cars]/showcasecars/data/gaterback"
"gazatar","Compact / hot hatch","Unknown","sport","hot_hatch_fwd","warm","fwd","1270","0.3","162.9","215","7.2","2.38","2.18","0.88","1","0.31","0.32","inferred","resources/[cars]/showcasecars/data/gazatar"
"hycbansh","RWD performance coupe","Unknown","sports","sports_rwd","sport_high","rwd","1560","0.37","193.2","255","6.25","2.62","2.39","1.08","1.28","0.255","0.27","inferred","resources/[cars]/showcasecars/data/hycbansh"
"hycbuff","V8 muscle derivative","Unknown","muscle","muscle_rwd","sport_high","rwd","1870","0.37","193.2","255","7","2.42","2.14","0.95","0.98","0.32","0.34","inferred","resources/[cars]/showcasecars/data/hycbuff"
"hycdeity","Luxury performance grand tourer","Unknown","grand_tourer","luxury_gt","sport_high","rwd","1900","0.414","193.2","255","6.4","2.58","2.37","1.06","1.15","0.29","0.305","inferred","resources/[cars]/showcasecars/data/hycdeity"
"hycenty","Modern supercar derivative","Unknown","super","super_awd","super","awd_rear","1500","0.415","213.6","282","5.65","2.88","2.69","1.22","1.55","0.2","0.215","inferred","resources/[cars]/showcasecars/data/hycenty"
"hycgaunt","V8 muscle derivative","Unknown","muscle","muscle_rwd","sport_high","rwd","1880","0.37","193.2","255","7","2.42","2.14","0.95","0.98","0.32","0.34","inferred","resources/[cars]/showcasecars/data/hycgaunt"
"hycignus","Modern supercar derivative","Unknown","super","super_awd","super","awd_rear","1510","0.415","213.6","282","5.65","2.88","2.69","1.22","1.55","0.2","0.215","inferred","resources/[cars]/showcasecars/data/hycignus"
"hycr300","Lightweight RWD tuner","Unknown","sports","lightweight_sports","sport","rwd","1280","0.34","180.3","238","6.5","2.6","2.37","1.04","1.22","0.27","0.285","inferred","resources/[cars]/showcasecars/data/hycr300"
"hycwagen","Sport sedan / wagon derivative","Unknown","sedan","sedan_awd","warm","awd_rear","1780","0.368","162.9","215","7.2","2.42","2.23","0.9","1.02","0.32","0.33","inferred","resources/[cars]/showcasecars/data/hycwagen"
"hyczr350","Lightweight RWD tuner","Unknown","sports","lightweight_sports","sport","rwd","1290","0.34","180.3","238","6.5","2.6","2.37","1.04","1.22","0.27","0.285","inferred","resources/[cars]/showcasecars/data/hyczr350"
"issiwider","Compact / hot hatch","Unknown","sport","hot_hatch_fwd","warm","fwd","1280","0.3","162.9","215","7.2","2.38","2.18","0.88","1","0.31","0.32","inferred","resources/[cars]/showcasecars/data/issiwider"
"jestvenm","Modern supercar derivative","Unknown","super","super_awd","super","awd_rear","1520","0.415","213.6","282","5.65","2.88","2.69","1.22","1.55","0.2","0.215","inferred","resources/[cars]/showcasecars/data/jestvenm"
"jubven","Performance SUV derivative","Unknown","performance_suv","performance_suv","performance_suv","awd_rear","2260","0.375","189.4","250","7.2","2.58","2.38","1.06","1.25","0.33","0.35","inferred","resources/[cars]/showcasecars/data/jubven"
"jubvenpd","Performance SUV derivative emergency fleet variant","Unknown","emergency","emergency_suv","pursuit_suv","awd_balanced","2380","0.368","178","235","7.7","2.48","2.29","1","1.12","0.35","0.37","inferred","resources/[cars]/showcasecars2/data/jubvenpd"
"kanjoep4","Compact / hot hatch","Unknown","sport","hot_hatch_fwd","warm","fwd","1290","0.3","162.9","215","7.2","2.38","2.18","0.88","1","0.31","0.32","inferred","resources/[cars]/showcasecars2/data/kanjoep4"
"kanjox","Compact / hot hatch","Unknown","sport","hot_hatch_fwd","warm","fwd","1250","0.414","183.3","242","7.2","2.38","2.18","0.88","1","0.31","0.32","inferred","resources/[cars]/showcasecars2/data/kanjox"
"kcjub","Performance SUV derivative","Unknown","performance_suv","performance_suv","performance_suv","awd_rear","2270","0.375","189.4","250","7.2","2.58","2.38","1.06","1.25","0.33","0.35","inferred","resources/[cars]/showcasecars/data/kcjub"
"komtmark","AWD sport derivative emergency fleet variant","Unknown","emergency","emergency_sedan","pursuit","awd_rear","1920","0.38","197","260","6.6","2.64","2.45","1.1","1.3","0.28","0.295","inferred","resources/[cars]/showcasecars/data/komtmark"
"komtour","AWD sport derivative","Unknown","sports","sports_awd","sport_high","awd_rear","1600","0.37","193.2","255","6.2","2.7","2.51","1.1","1.32","0.25","0.265","inferred","resources/[cars]/showcasecars/data/komtour"
"kurxa19","AWD sport derivative","Unknown","sports","sports_awd","sport_high","awd_rear","1600","0.414","193.2","255","6.2","2.7","2.51","1.1","1.32","0.25","0.265","inferred","resources/[cars]/showcasecars/data/kurxa19"
"kurxmark","AWD sport derivative emergency fleet variant","Unknown","emergency","emergency_sedan","pursuit","awd_rear","1880","0.414","197","260","6.6","2.64","2.45","1.1","1.3","0.28","0.295","inferred","resources/[cars]/showcasecars/data/kurxmark"
"omnvenpd","AWD sport derivative emergency fleet variant","Unknown","emergency","emergency_sedan","pursuit","awd_rear","1890","0.414","197","260","6.6","2.64","2.45","1.1","1.3","0.28","0.295","inferred","resources/[cars]/showcasecars2/data/omnvenpd"
"paragonven","Luxury performance grand tourer","Unknown","grand_tourer","luxury_gt","sport_high","rwd","1920","0.37","193.2","255","6.4","2.58","2.37","1.06","1.15","0.29","0.305","inferred","resources/[cars]/showcasecars/data/paragonven"
"parawide","Luxury performance grand tourer","Unknown","grand_tourer","luxury_gt","sport_high","rwd","1930","0.37","193.2","255","6.4","2.58","2.37","1.06","1.15","0.29","0.305","inferred","resources/[cars]/showcasecars/data/parawide"
"parawmark","Unidentified addon road vehicle emergency fleet variant","Unknown","emergency","emergency_sedan","pursuit","awd_rear","1930","0.38","197","260","6.6","2.64","2.45","1.1","1.3","0.28","0.295","uncertain","resources/[cars]/showcasecars/data/parawmark"
"reblax","Performance SUV derivative","Unknown","performance_suv","performance_suv","performance_suv","awd_rear","2250","0.414","189.4","250","7.2","2.58","2.38","1.06","1.25","0.33","0.35","inferred","resources/[cars]/showcasecars2/data/reblax"
"reblaxpd","Performance SUV derivative emergency fleet variant","Unknown","emergency","emergency_suv","pursuit_suv","awd_balanced","2370","0.414","178","235","7.7","2.48","2.29","1","1.12","0.35","0.37","inferred","resources/[cars]/showcasecars2/data/reblaxpd"
"remusx","Lightweight RWD tuner","Unknown","sports","lightweight_sports","sport","rwd","1300","0.34","180.3","238","6.5","2.6","2.37","1.04","1.22","0.27","0.285","inferred","resources/[cars]/showcasecars/data/remusx"
"rhinea19x","AWD performance derivative","Unknown","sports","sports_awd","sport_high","awd_rear","1650","0.414","193.2","255","6.2","2.7","2.51","1.1","1.32","0.25","0.265","inferred","resources/[cars]/showcasecars/data/rhinea19x"
"rhinea19xpd","AWD performance derivative emergency fleet variant","Unknown","emergency","emergency_sedan","pursuit","awd_rear","1900","0.414","197","260","6.6","2.64","2.45","1.1","1.3","0.28","0.295","inferred","resources/[cars]/showcasecars2/data/rhinea19xpd"
"rsxven","AWD sport derivative","Unknown","sports","sports_awd","sport_high","awd_rear","1600","0.37","193.2","255","6.2","2.7","2.51","1.1","1.32","0.25","0.265","inferred","resources/[cars]/showcasecars/data/rsxven"
"rt3000varis","Lightweight RWD tuner","Unknown","sports","lightweight_sports","sport","rwd","1310","0.34","180.3","238","6.5","2.6","2.37","1.04","1.22","0.27","0.285","inferred","resources/[cars]/showcasecars/data/rt3000varis"
"rt3kavan","Lightweight RWD tuner","Unknown","sports","lightweight_sports","sport","rwd","1320","0.34","180.3","238","6.5","2.6","2.37","1.04","1.22","0.27","0.285","inferred","resources/[cars]/showcasecars/data/rt3kavan"
"rwagvenm","Sport sedan / wagon derivative","Unknown","sedan","sedan_awd","warm","awd_rear","1780","0.368","162.9","215","7.2","2.42","2.23","0.9","1.02","0.32","0.33","inferred","resources/[cars]/showcasecars/data/rwagvenm"
"schlag","Luxury performance grand tourer","Unknown","grand_tourer","luxury_gt","sport_high","rwd","1940","0.37","193.2","255","6.4","2.58","2.37","1.06","1.15","0.29","0.305","inferred","resources/[cars]/showcasecars/data/schlag"
"schlagenstr","Luxury performance grand tourer","Unknown","grand_tourer","luxury_gt","sport_high","rwd","1900","0.4","193.2","255","6.4","2.58","2.37","1.06","1.15","0.29","0.305","inferred","resources/[sunset]/sunset_addon_vehicles"
"schlagpd","Luxury performance grand tourer emergency fleet variant","Unknown","emergency","emergency_sedan","pursuit","awd_rear","2020","0.38","197","260","6.6","2.64","2.45","1.1","1.3","0.28","0.295","inferred","resources/[cars]/showcasecars2/data/schlagpd"
"sedanwid","Unidentified addon road vehicle","Unknown","sedan","sedan_rwd","civilian","rwd","1650","0.414","169.7","224","7.4","2.32","2.11","0.84","0.88","0.34","0.35","uncertain","resources/[cars]/showcasecars/data/sedanwid"
"shenron","Performance SUV derivative","Unknown","performance_suv","performance_suv","performance_suv","awd_rear","2280","0.375","189.4","250","7.2","2.58","2.38","1.06","1.25","0.33","0.35","inferred","resources/[cars]/showcasecars/data/shenron"
"shenronpd","Performance SUV derivative emergency fleet variant","Unknown","emergency","emergency_suv","pursuit_suv","awd_balanced","2390","0.368","178","235","7.7","2.48","2.29","1","1.12","0.35","0.37","inferred","resources/[cars]/showcasecars2/data/shenronpd"
"sitavenm","Modern supercar derivative","Unknown","super","super_awd","super","awd_rear","1530","0.415","213.6","282","5.65","2.88","2.69","1.22","1.55","0.2","0.215","inferred","resources/[cars]/showcasecars/data/sitavenm"
"sr8","Performance SUV derivative","Unknown","performance_suv","performance_suv","performance_suv","awd_rear","2290","0.375","189.4","250","7.2","2.58","2.38","1.06","1.25","0.33","0.35","inferred","resources/[cars]/showcasecars/data/sr8"
"sr8elem","Performance SUV derivative","Unknown","performance_suv","performance_suv","performance_suv","awd_rear","2300","0.375","189.4","250","7.2","2.58","2.38","1.06","1.25","0.33","0.35","inferred","resources/[cars]/showcasecars/data/sr8elem"
"sr8pd","Performance SUV derivative emergency fleet variant","Unknown","emergency","emergency_suv","pursuit_suv","awd_balanced","2400","0.368","178","235","7.7","2.48","2.29","1","1.12","0.35","0.37","inferred","resources/[cars]/showcasecars2/data/sr8pd"
"srhatpd","Unidentified addon road vehicle emergency fleet variant","Unknown","emergency","emergency_sedan","pursuit","awd_rear","1950","0.38","197","260","6.6","2.64","2.45","1.1","1.3","0.28","0.295","uncertain","resources/[cars]/showcasecars2/data/srhatpd"
"srspback","Sport sedan / wagon derivative","Unknown","sedan","sedan_awd","warm","awd_rear","1780","0.322","180.3","238","7.2","2.42","2.23","0.9","1.02","0.32","0.33","inferred","resources/[cars]/showcasecars/data/srspback"
"str","Unidentified addon sports car","Unknown","sports","sports_rwd","sport","rwd","1500","0.34","180.3","238","6.25","2.62","2.39","1.08","1.28","0.255","0.27","uncertain","resources/[cars]/showcasecars/data/str"
"strcoupe","Luxury performance grand tourer","Unknown","grand_tourer","luxury_gt","sport_high","rwd","1950","0.37","193.2","255","6.4","2.58","2.37","1.06","1.15","0.29","0.305","inferred","resources/[cars]/showcasecars/data/strcoupe"
"strcoupepd","Luxury performance grand tourer emergency fleet variant","Unknown","emergency","emergency_sedan","pursuit","awd_rear","2020","0.38","197","260","6.6","2.64","2.45","1.1","1.3","0.28","0.295","inferred","resources/[cars]/showcasecars2/data/strcoupepd"
"strman","Unidentified addon sports car","Unknown","sports","sports_rwd","sport","rwd","1500","0.34","180.3","238","6.25","2.62","2.39","1.08","1.28","0.255","0.27","uncertain","resources/[cars]/showcasecars/data/strman"
"strmark","Unidentified addon road vehicle emergency fleet variant","Unknown","emergency","emergency_sedan","pursuit","awd_rear","1960","0.38","197","260","6.6","2.64","2.45","1.1","1.3","0.28","0.295","uncertain","resources/[cars]/showcasecars/data/strmark"
"strwag","Sport sedan / wagon derivative","Unknown","sedan","sedan_awd","warm","awd_rear","1780","0.338","162.9","215","7.2","2.42","2.23","0.9","1.02","0.32","0.33","inferred","resources/[cars]/showcasecars/data/strwag"
"strwagmark","Sport sedan / wagon derivative emergency fleet variant","Unknown","emergency","emergency_sedan","pursuit","awd_rear","1900","0.38","197","260","6.6","2.64","2.45","1.1","1.3","0.28","0.295","inferred","resources/[cars]/showcasecars/data/strwagmark"
"sugoix","Compact / hot hatch","Unknown","sport","hot_hatch_fwd","warm","fwd","1300","0.3","162.9","215","7.2","2.38","2.18","0.88","1","0.31","0.32","inferred","resources/[cars]/showcasecars/data/sugoix"
"sultlong","AWD performance derivative","Unknown","sports","sports_awd","sport_high","awd_rear","1680","0.37","193.2","255","6.2","2.7","2.51","1.1","1.32","0.25","0.265","inferred","resources/[cars]/showcasecars/data/sultlong"
"sultlpd","AWD performance derivative emergency fleet variant","Unknown","emergency","emergency_sedan","pursuit","awd_rear","1970","0.38","197","260","6.6","2.64","2.45","1.1","1.3","0.28","0.295","inferred","resources/[cars]/showcasecars2/data/sultlpd"
"taurion","Performance SUV derivative","Unknown","performance_suv","performance_suv","performance_suv","awd_rear","2310","0.375","189.4","250","7.2","2.58","2.38","1.06","1.25","0.33","0.35","inferred","resources/[cars]/showcasecars2/data/taurion"
"taurionpd","Performance SUV derivative emergency fleet variant","Unknown","emergency","emergency_suv","pursuit_suv","awd_balanced","2410","0.368","178","235","7.7","2.48","2.29","1","1.12","0.35","0.37","inferred","resources/[cars]/showcasecars2/data/taurionpd"
"tempesta2","Modern supercar derivative","Unknown","super","super_awd","super","awd_rear","1500","0.423","213.6","282","5.65","2.88","2.69","1.22","1.55","0.2","0.215","inferred","resources/[sunset]/sunset_addon_vehicles"
"temphyc","Modern supercar derivative","Unknown","super","super_awd","super","awd_rear","1540","0.415","213.6","282","5.65","2.88","2.69","1.22","1.55","0.2","0.215","inferred","resources/[cars]/showcasecars/data/temphyc"
"temptwins","Modern supercar derivative","Unknown","super","super_awd","super","awd_rear","1550","0.415","213.6","282","5.65","2.88","2.69","1.22","1.55","0.2","0.215","inferred","resources/[cars]/showcasecars/data/temptwins"
"tenfhyc","Modern supercar derivative","Unknown","super","super_awd","super","awd_rear","1560","0.415","213.6","282","5.65","2.88","2.69","1.22","1.55","0.2","0.215","inferred","resources/[cars]/showcasecars/data/tenfhyc"
"tenfhycpd","Modern supercar derivative emergency fleet variant","Unknown","emergency","emergency_sedan","pursuit","awd_rear","1910","0.414","197","260","6.6","2.64","2.45","1.1","1.3","0.28","0.295","inferred","resources/[cars]/showcasecars2/data/tenfhycpd"
"tenfvenm","Modern supercar derivative","Unknown","super","super_awd","super","awd_rear","1570","0.415","213.6","282","5.65","2.88","2.69","1.22","1.55","0.2","0.215","inferred","resources/[cars]/showcasecars/data/tenfvenm"
"thraxven","Modern supercar derivative","Unknown","super","super_awd","super","awd_rear","1580","0.415","213.6","282","5.65","2.88","2.69","1.22","1.55","0.2","0.215","inferred","resources/[cars]/showcasecars/data/thraxven"
"tol3j50","Unidentified addon supercar","Unknown","super","super_rwd","super","rwd","1450","0.415","213.6","282","5.7","2.82","2.6","1.2","1.48","0.205","0.22","uncertain","resources/[cars]/pitd_tol_car_pack_a"
"tol700","Unidentified addon supercar","Unknown","super","super_rwd","super","rwd","1460","0.415","213.6","282","5.7","2.82","2.6","1.2","1.48","0.205","0.22","uncertain","resources/[cars]/pitd_tol_car_pack_a"
"toldurus","Unidentified addon SUV","Unknown","suv","suv_awd","civilian","awd_balanced","2200","0.267","178","235","8.4","2.36","2.16","0.88","0.9","0.39","0.41","uncertain","resources/[cars]/pitd_tol_car_pack_a"
"tolexor","Unidentified addon sports car","Unknown","sports","sports_rwd","sport","rwd","1500","0.34","194.7","257","6.25","2.62","2.39","1.08","1.28","0.255","0.27","uncertain","resources/[cars]/pitd_tol_car_pack_a"
"tolmig","Unidentified addon sports car","Unknown","sports","sports_rwd","sport","rwd","1500","0.34","194.7","257","6.25","2.62","2.39","1.08","1.28","0.255","0.27","uncertain","resources/[cars]/pitd_tol_car_pack_a"
"tolpeigerzen","Unidentified addon supercar","Unknown","super","super_rwd","super","rwd","1470","0.415","213.6","282","5.7","2.82","2.6","1.2","1.48","0.205","0.22","uncertain","resources/[cars]/pitd_tol_car_pack_a"
"toroslbwk","Performance SUV derivative","Unknown","performance_suv","performance_suv","performance_suv","awd_rear","2320","0.375","189.4","250","7.2","2.58","2.38","1.06","1.25","0.33","0.35","inferred","resources/[cars]/showcasecars/data/toroslbwk"
"torosven","Performance SUV derivative","Unknown","performance_suv","performance_suv","performance_suv","awd_rear","2330","0.375","189.4","250","7.2","2.58","2.38","1.06","1.25","0.33","0.35","inferred","resources/[cars]/showcasecars/data/torosven"
"tragambo","Performance SUV derivative emergency fleet variant","Unknown","emergency","emergency_suv","pursuit_suv","awd_balanced","2370","0.35","178","235","7.7","2.48","2.29","1","1.12","0.35","0.37","inferred","resources/[cars]/showcasecars/data/tragambo"
"trager","Performance SUV derivative","Unknown","performance_suv","performance_suv","performance_suv","awd_rear","2340","0.375","189.4","250","7.2","2.58","2.38","1.06","1.25","0.33","0.35","inferred","resources/[cars]/showcasecars/data/trager"
"tragmech","Performance SUV derivative emergency fleet variant","Unknown","emergency","emergency_suv","pursuit_suv","awd_balanced","2370","0.35","178","235","7.7","2.48","2.29","1","1.12","0.35","0.37","inferred","resources/[cars]/showcasecars/data/tragmech"
"tragpd","Performance SUV derivative emergency fleet variant","Unknown","emergency","emergency_suv","pursuit_suv","awd_balanced","2370","0.35","178","235","7.7","2.48","2.29","1","1.12","0.35","0.37","inferred","resources/[cars]/showcasecars/data/tragpd"
"uranusx","Lightweight RWD tuner","Unknown","sports","lightweight_sports","sport","rwd","1330","0.34","180.3","238","6.5","2.6","2.37","1.04","1.22","0.27","0.285","inferred","resources/[cars]/showcasecars2/data/uranusx"
"varx","Sport motorcycle","Unknown","motorcycle","motorcycle_sport","motorcycle","rwd","210","0.46","185.6","245","5.8","2.25","2.07","1.05","0.5","0.3","0.31","inferred","resources/[cars]/showcasecars2/data/varx"
"verusreg","Off-road vehicle","Unknown","offroad","offroad","offroad","awd_balanced","2200","0.322","140.2","185","9.2","2.18","1.99","0.78","0.62","0.42","0.44","inferred","resources/[cars]/showcasecars/data/verusreg"
"zentven","Modern supercar derivative","Unknown","super","super_awd","super","awd_rear","1590","0.415","213.6","282","5.65","2.88","2.69","1.22","1.55","0.2","0.215","inferred","resources/[cars]/showcasecars/data/zentven"
"zr350piston","Lightweight RWD tuner","Unknown","sports","lightweight_sports","sport","rwd","1340","0.34","180.3","238","6.5","2.6","2.37","1.04","1.22","0.27","0.285","inferred","resources/[cars]/showcasecars/data/zr350piston"
"dominator","Vapid Dominator","Vapid","muscle","muscle_rwd","sport","rwd","1800","0.34","180.3","238","7","2.42","2.14","0.95","0.98","0.32","0.34","confirmed","gta5"
"sandking","Vapid Sandking","Vapid","pickup","pickup","offroad","awd_balanced","2800","0.3","140.2","185","9","2.22","2.02","0.8","0.72","0.4","0.42","confirmed","gta5"
"issi2","Weeny Issi","Weeny","economy","economy_fwd","economy","fwd","1120","0.235","132.6","175","8.2","2.18","1.98","0.72","0.72","0.34","0.35","confirmed","gta5"
